name	E-mail
±Ë¿œ¿œ	kim11@gmail.com
±Ë¿œ¿Ã	kim12@gmail.com
±Ë¿œªÔ	kim13@gmail.com
±Ë¿œªÁ	kim14@gmail.com
±Ë¿œø¿	kim15@gmail.com
±Ë¿œ¿∞	kim16@gmail.com
±Ë¿œƒ•	kim17@gmail.com
±Ë¿œ∆»	kim18@gmail.com
±Ë¿œ±∏	kim19@gmail.com
±Ë¿œΩ 	kim20@gmail.com
±ËΩ ¿œ	kim21@gmail.com
±ËΩ ¿Ã	kim22@gmail.com
±ËΩ ªÔ	kim23@gmail.com
±ËΩ ªÁ	kim24@gmail.com
±ËΩ ø¿	kim25@gmail.com
±ËΩ ¿∞	kim26@gmail.com
±ËΩ ƒ•	kim27@gmail.com
±ËΩ ±∏	kim28@gmail.com
±Ë¿ÃΩ 	kim29@gmail.com
¿ÃΩ ¿œ	kim30@gmail.com
¿ÃΩ ¿Ã	kim31@gmail.com
¿ÃΩ ªÔ	kim32@gmail.com
¿ÃΩ ªÁ	kim33@gmail.com
¿ÃΩ ø¿	kim34@gmail.com
¿ÃΩ ¿∞	kim35@gmail.com
¿ÃΩ ƒ•	kim36@gmail.com
¿ÃΩ ±∏	kim37@gmail.com
¿ÃªÔΩ 	kim38@gmail.com
